{"$schema":"http://schema.management.azure.com/schemas/2015-01-01/deploymentTemplate.json#","contentVersion":"1.0.0.0","parameters":{"factoryName":{"type":"string","metadata":"Data Factory name"}},"variables":{"factoryId":"[concat('Microsoft.DataFactory/factories/', parameters('factoryName'))]"},"resources":[{"name":"[concat(parameters('factoryName'), '/Azure_DW_Automation')]","type":"Microsoft.DataFactory/factories/pipelines","apiVersion":"2018-06-01","properties":{"activities":[{"name":"AzureDW_Scale_up","type":"WebActivity","dependsOn":[{"activity":"SQLDW_Resume","dependencyConditions":["Succeeded"]}],"policy":{"timeout":"7.00:00:00","retry":0,"retryIntervalInSeconds":30,"secureOutput":false,"secureInput":false},"userProperties":[],"typeProperties":{"url":{"value":"@concat('https://management.azure.com/subscriptions/',pipeline().parameters.subscriptionId,'/resourceGroups/',pipeline().parameters.ResourceGroupName,'/providers/Microsoft.Sql/servers/',pipeline().parameters.ServerName,'/databases/',pipeline().parameters.DBname,'?api-version=2014-04-01-preview')","type":"Expression"},"method":"PATCH","headers":{},"body":{"value":"@pipeline().parameters.DWU_Scaleup","type":"Expression"},"authentication":{"type":"MSI","resource":"https://management.azure.com/"}}},{"name":"SQLDW_Resume","type":"WebActivity","dependsOn":[],"policy":{"timeout":"7.00:00:00","retry":0,"retryIntervalInSeconds":30,"secureOutput":false,"secureInput":false},"userProperties":[],"typeProperties":{"url":{"value":"@concat('https://management.azure.com/subscriptions/',pipeline().parameters.subscriptionId,'/resourceGroups/',pipeline().parameters.ResourceGroupName,'/providers/Microsoft.Sql/servers/',pipeline().parameters.ServerName,'/databases/',pipeline().parameters.DBname,'/resume?api-version=2014-04-01-preview')","type":"Expression"},"method":"POST","headers":{},"body":{},"authentication":{"type":"MSI","resource":"https://management.azure.com/"}}},{"name":"SQLDW_Pause","type":"WebActivity","dependsOn":[{"activity":"AzureDW_Scale_down","dependencyConditions":["Succeeded"]}],"policy":{"timeout":"7.00:00:00","retry":0,"retryIntervalInSeconds":30,"secureOutput":false,"secureInput":false},"userProperties":[],"typeProperties":{"url":{"value":"@concat('https://management.azure.com/subscriptions/',pipeline().parameters.subscriptionId,'/resourceGroups/',pipeline().parameters.ResourceGroupName,'/providers/Microsoft.Sql/servers/',pipeline().parameters.ServerName,'/databases/',pipeline().parameters.DBname,'/pause?api-version=2014-04-01-preview')","type":"Expression"},"method":"POST","headers":{},"body":{},"authentication":{"type":"MSI","resource":"https://management.azure.com/"}}},{"name":"AzureDW_Scale_down","type":"WebActivity","dependsOn":[{"activity":"AzureDW_Scale_up","dependencyConditions":["Succeeded"]}],"policy":{"timeout":"7.00:00:00","retry":0,"retryIntervalInSeconds":30,"secureOutput":false,"secureInput":false},"userProperties":[],"typeProperties":{"url":{"value":"@concat('https://management.azure.com/subscriptions/',pipeline().parameters.subscriptionId,'/resourceGroups/',pipeline().parameters.ResourceGroupName,'/providers/Microsoft.Sql/servers/',pipeline().parameters.ServerName,'/databases/',pipeline().parameters.DBname,'?api-version=2014-04-01-preview')","type":"Expression"},"method":"PATCH","headers":{},"body":{"value":"@pipeline().parameters.DWU_down","type":"Expression"},"authentication":{"type":"MSI","resource":"https://management.azure.com/"}}}],"parameters":{"subscriptionId":{"type":"string"},"ResourceGroupName":{"type":"string"},"ServerName":{"type":"string"},"DBname":{"type":"string"},"DWU_Scaleup":{"type":"string","defaultValue":{"properties":{"requestedServiceObjectiveName":"DW200c"}}},"DWU_down":{"type":"string","defaultValue":{"properties":{"requestedServiceObjectiveName":"DW100c"}}}},"annotations":[]},"dependsOn":[]}]}